,Unique ID,Visits,IP address,Locale,Organization,Platform,All time goals,This Visit Date,This Visit Session,This Visit Referrer,This Visit Landing Page,This Visit Goal,First Visit Date,First Visit Session,First Visit Referrer,First Visit Landing Page,This Visit Activity Date,This Visit Activity Time,This Visit Activity Landing Page
0,3126939692,40,70.162.247.0,"Phoenix, Arizona, USA",Cox Communications / cox.net,"(' Safari 12.0 \xa0  Mac OS X \xa0 3008x1692 \xa0', '', '', '', '')",Main Register Step 1 (Sep 12 2019),"Sat Nov 10 2018, 9:01am","25m 13s, 15 actions", google.com [secure search],/,[],You are currently viewing this person's first visit.,,,"
","['Nov 10 2018', 'Nov 10 2018', 'Nov 10 2018', 'Nov 10 2018', 'Nov 10 2018', 'Nov 10 2018', 'Nov 10 2018', 'Nov 10 2018', 'Nov 10 2018', 'Nov 10 2018', 'Nov 10 2018', 'Nov 10 2018', 'Nov 10 2018', 'Nov 10 2018', 'Nov 10 2018']","['9:01:47 am', '9:07:18 am', '9:09:06 am', '9:09:35 am', '9:10:23 am', '9:10:40 am', '9:10:59 am', '9:12:49 am', '9:14:37 am', '9:17:06 am', '9:18:21 am', '9:18:36 am', '9:18:50 am', '9:18:59 am', '9:19:52 am']","['/', '/story-behind-the-name-trasers', '/board-ceos-library', '/values', '/libraries/field_product_global/board-ceo-450', '/libraries/field_product_global/libraries?industry=355&function=283&trace=Apply', '/library/technology-transformation-for-digital-in-healthcare-the-complete-library', '/insights-map', '/the-place-for-digital-business-transformation-research', '/industry-and-enterprise-coverage', '/insights-map', '/report-presentations', '/custom-research', '/advisory-workshops', '/careers']"
1,976448957,1,37.161.118.0,"Le Petit-Quevilly, France",Iliad Italia S.p.a,"(' Google Chrome 76.0 mobile \xa0  Android \xa0', '', '', '', '')",Main Register Step 1 (Sep 12 2019),"Thu Sep 12 2019, 1:22pm","5m 15s, 4 actions", google.com [secure search],/,Main Register Step 1,You are currently viewing this person's first visit.,,,"
","['Sep 12 2019', 'Sep 12 2019', 'Sep 12 2019', 'Sep 12 2019']","['1:22:59 pm', '1:23:21 pm', '1:23:46 pm', '1:24:13 pm']","['/', '/register', '/register', '/reg-thanks']"
2,1038980158,1,213.215.38.0,Monaco,Nerim Sas,"(' Safari 12.1 mobile \xa0  iPhone \xa0 768x1024 \xa0', '', '', '', '')",Main Register Step 1 (Sep 19 2019),"Thu Sep 19 2019, 5:44pm","9m 40s, 5 actions", google.com [secure search],/,Main Register Step 1,You are currently viewing this person's first visit.,,,"
","['Sep 19 2019', 'Sep 19 2019', 'Sep 19 2019', 'Sep 19 2019', 'Sep 19 2019']","['5:44:28 pm', '5:46:15 pm', '5:46:34 pm', '5:47:25 pm', '5:47:54 pm']","['/', '/', '/register', '/reg-thanks', '/reg-thanks']"
3,3842123626,1,76.103.157.0,"San Anselmo, California, USA",Comcast Cable / comcast.net,"(' Safari 12.1 mobile \xa0  iPhone \xa0 768x1024 \xa0', '', '', '', '')",Main Register Step 1 (Sep 6 2019),"Fri Sep 6 2019, 7:32am","3m 32s, 3 actions", google.com [secure search],/info/digital-transformation-research-for-ceos-board-me…,Main Register Step 1,You are currently viewing this person's first visit.,,,"
","['Sep 6 2019', 'Sep 6 2019', 'Sep 6 2019']","['7:32:51 am', '7:35:36 am', '7:36:23 am']","['/info/digital-transformation-research-for-ceos-board-members-in-the-insurance-health-industry', '/reg-thanks', '/info/digital-transformation-research-for-ceos-board-members-in-the-insurance-health-industry']"
4,4259255819,1,207.135.70.0,"San Jose, California, USA",A-link Network Services,"(' Google Chrome 76.0 \xa0  Mac OS X \xa0 1440x900', '', '', '', '')",[],"Fri Aug 30 2019, 9:13am","11m 51s, 37 actions", google.com [secure search],/,[],You are currently viewing this person's first visit.,,,"
","['Aug 30 2019', 'Aug 30 2019', 'Aug 30 2019', 'Aug 30 2019', 'Aug 30 2019', 'Aug 30 2019', 'Aug 30 2019', 'Aug 30 2019', 'Aug 30 2019', 'Aug 30 2019', 'Aug 30 2019', 'Aug 30 2019', 'Aug 30 2019', 'Aug 30 2019', 'Aug 30 2019', 'Aug 30 2019', 'Aug 30 2019', 'Aug 30 2019', 'Aug 30 2019', 'Aug 30 2019', 'Aug 30 2019', 'Aug 30 2019', 'Aug 30 2019', 'Aug 30 2019', 'Aug 30 2019', 'Aug 30 2019', 'Aug 30 2019', 'Aug 30 2019', 'Aug 30 2019', 'Aug 30 2019', 'Aug 30 2019', 'Aug 30 2019', 'Aug 30 2019', 'Aug 30 2019', 'Aug 30 2019', 'Aug 30 2019', 'Aug 30 2019']","['9:13:34 am', '9:13:57 am', '9:14:22 am', '9:14:30 am', '9:14:50 am', '9:14:50 am', '9:15:00 am', '9:18:25 am', '9:19:19 am', '9:20:23 am', '9:20:27 am', '9:20:30 am', '9:20:32 am', '9:20:38 am', '9:20:41 am', '9:20:49 am', '9:20:51 am', '9:20:55 am', '9:21:01 am', '9:21:53 am', '9:22:31 am', '9:22:56 am', '9:23:06 am', '9:23:11 am', '9:23:37 am', '9:23:40 am', '9:23:55 am', '9:24:14 am', '9:24:17 am', '9:24:29 am', '9:24:29 am', '9:24:41 am', '9:24:44 am', '9:24:59 am', '9:25:09 am', '9:25:21 am', '9:25:23 am', '9:25:25 am']","['/', '/register', '/register', '/user?destination', '/user?destination', '/user?destination', '/user/password', '/user/reset/10504/1567181653/F4fPDdNRYJGz2iHBom6ps38SD855OT5XbmxNvUtoNHk?destination', '/report/ceo-truenorth-guide-for-consumer-products', 'trasers.com/report/ceo-truenorth-guide-for-consumer-products0.9465979467339438', 'trasers.com/report/ceo-truenorth-guide-for-consumer-products0.38607230509435464', 'trasers.com/report/ceo-truenorth-guide-for-consumer-products/0.5667428640050598', 'trasers.com/report/ceo-truenorth-guide-for-consumer-products/0.26641342973642823', 'trasers.com/report/ceo-truenorth-guide-for-consumer-products/0.08986231107125509', 'trasers.com/report/ceo-truenorth-guide-for-consumer-products/0.9005579050523616', 'trasers.com/report/ceo-truenorth-guide-for-consumer-products/0.8496466953802941', 'trasers.com/report/ceo-truenorth-guide-for-consumer-products/0.9153964984069933', 'trasers.com/report/ceo-truenorth-guide-for-consumer-products/0.9969410955997038', 'trasers.com/report/ceo-truenorth-guide-for-consumer-products/0.0188943049660939', 'trasers.com/report/ceo-truenorth-guide-for-consumer-products/0.664193768081039', 'trasers.com/report/ceo-truenorth-guide-for-consumer-products/0.7528233392712627', 'trasers.com/report/ceo-truenorth-guide-for-consumer-products/0.7581318357991835', 'trasers.com/report/ceo-truenorth-guide-for-consumer-products/0.2949171590818822', 'trasers.com/report/ceo-truenorth-guide-for-consumer-products/0.5590206491605076', 'trasers.com/report/ceo-truenorth-guide-for-consumer-products/0.2149079843651669', 'trasers.com/report/ceo-truenorth-guide-for-consumer-products/0.8544958136037759', 'trasers.com/report/ceo-truenorth-guide-for-consumer-products/0.709420028778208', 'trasers.com/report/ceo-truenorth-guide-for-consumer-products/0.33824730368701195', 'trasers.com/report/ceo-truenorth-guide-for-consumer-products/0.6682321671829419', 'trasers.com/report/ceo-truenorth-guide-for-consumer-products/0.9609852176796936', 'trasers.com/report/ceo-truenorth-guide-for-consumer-products/0.09401008264923094', 'trasers.com/report/ceo-truenorth-guide-for-consumer-products/0.9841551424941668', 'trasers.com/report/ceo-truenorth-guide-for-consumer-products/0.03842653902601989', '/', '/user?destination', '/register', '/']"
5,3536382069,1,134.35.144.0,Yemen,Yemen Net,"(' Google Chrome 76.0 mobile \xa0  Android \xa0', '', '', '', '')",Main Register Step 1 (Sep 15 2019),"Sun Sep 15 2019, 7:05pm","2m 12s, 5 actions", google.com [secure search],/,Main Register Step 1,You are currently viewing this person's first visit.,,,"
","['Sep 15 2019', 'Sep 15 2019', 'Sep 15 2019', 'Sep 15 2019', 'Sep 15 2019']","['7:05:42 pm', '7:05:48 pm', '7:06:35 pm', '7:07:24 pm', '7:07:44 pm']","['/', '/register', '/register', '/reg-thanks', 'support@trasers.com', 'support@trasers.com']"
6,2193627482,1,105.192.220.0,"Cairo, Egypt",Mobinil 3g,"(' Firefox 68.0 mobile \xa0  Android \xa0 360x640 \xa0', '', '', '', '')",Main Register Step 1 (Sep 6 2019),"Fri Sep 6 2019, 2:40pm","6m 57s, 8 actions", google.com [secure search],/,Main Register Step 1,You are currently viewing this person's first visit.,,,"
","['Sep 6 2019', 'Sep 6 2019', 'Sep 6 2019', 'Sep 6 2019', 'Sep 6 2019', 'Sep 6 2019', 'Sep 6 2019', 'Sep 6 2019']","['2:40:02 pm', '2:40:52 pm', '2:41:49 pm', '2:43:00 pm', '2:43:37 pm', '2:43:37 pm', '2:45:31 pm', '2:46:59 pm']","['/', '/digital-transformation-research-for-ceos-board-members-in-the-healthcare-industry', '/digital-transformation-research-for-ceos-board-members-in-the-healthcare-industry', '/reg-thanks', '/user/reset/10534/1567806169/XblT_Fk5K2DNcYVSnhKVzD__M2YGl5IkmFFG0--TykA?destination', '/user/reset/10534/1567806169/XblT_Fk5K2DNcYVSnhKVzD__M2YGl5IkmFFG0--TykA?destination', '/report/ceo-truenorth-guide-for-healthcare-providers', '/digital-transformation-research-for-ceos-board-members-in-the-healthcare-industry']"
7,1881247662,2,45.27.195.0,"Overland Park, Kansas, USA",At&t Internet Services,"(' Safari 12.1 \xa0  Mac OS X \xa0 1680x1050 \xa0', '', '', '', '')",Main Register Step 1 (Sep 5 2019),"Thu Sep 5 2019, 1:42pm","23m 1s, 31 actions", google.com [secure search],/register,Main Register Step 1,"Thu Sep 5 2019, 1:17pm (24m 53s)","10m, 1 action",,  /,"['Sep 5 2019', 'Sep 5 2019', 'Sep 5 2019', 'Sep 5 2019', 'Sep 5 2019', 'Sep 5 2019', 'Sep 5 2019', 'Sep 5 2019', 'Sep 5 2019', 'Sep 5 2019', 'Sep 5 2019', 'Sep 5 2019', 'Sep 5 2019', 'Sep 5 2019', 'Sep 5 2019', 'Sep 5 2019', 'Sep 5 2019', 'Sep 5 2019', 'Sep 5 2019', 'Sep 5 2019', 'Sep 5 2019', 'Sep 5 2019', 'Sep 5 2019', 'Sep 5 2019', 'Sep 5 2019', 'Sep 5 2019', 'Sep 5 2019', 'Sep 5 2019', 'Sep 5 2019', 'Sep 5 2019', 'Sep 5 2019', 'Sep 5 2019', 'Sep 5 2019']","['1:42:04 pm', '1:42:39 pm', '1:42:51 pm', '1:43:22 pm', '1:49:20 pm', '1:49:34 pm', '1:49:37 pm', '1:49:39 pm', '1:49:42 pm', '1:49:49 pm', '1:50:02 pm', '1:50:05 pm', '1:50:09 pm', '1:50:52 pm', '1:51:46 pm', '1:52:30 pm', '1:52:45 pm', '1:52:53 pm', '1:53:35 pm', '1:53:52 pm', '1:54:11 pm', '1:54:25 pm', '1:54:31 pm', '1:54:38 pm', '1:54:48 pm', '1:54:48 pm', '1:54:51 pm', '1:55:00 pm', '1:55:00 pm', '1:55:03 pm', '1:55:05 pm']","['/register', '/reg-thanks', '/user/reset/10520/1567716150/dnh6h2UIJ1N7PTh-ptruaWb_59O5EKvU_XHJMw8FVM8?destination', '/report/ceo-truenorth-guide-for-hi-tech', 'trasers.com/report/ceo-truenorth-guide-for-hi-tech0.9603188260207515', 'trasers.com/report/ceo-truenorth-guide-for-hi-tech0.28954681511661273', 'trasers.com/report/ceo-truenorth-guide-for-hi-tech/0.5053380466037556', 'trasers.com/report/ceo-truenorth-guide-for-hi-tech/0.053990205994443374', 'trasers.com/report/ceo-truenorth-guide-for-hi-tech/0.2274174262246783', 'trasers.com/report/ceo-truenorth-guide-for-hi-tech/0.668790639442138', 'trasers com/report/ceo-truenorth-guide-for-hi-tech/0 9231621819409278', 'trasers.com/report/ceo-truenorth-guide-for-hi-tech/0.9231621819409278', 'trasers.com/report/ceo-truenorth-guide-for-hi-tech/0.4576900481016437', 'trasers.com/report/ceo-truenorth-guide-for-hi-tech/0.9928754120026394', 'trasers.com/report/ceo-truenorth-guide-for-hi-tech/0.6943163358943832', 'trasers.com/report/ceo-truenorth-guide-for-hi-tech/0.662015086074601', 'trasers.com/report/ceo-truenorth-guide-for-hi-tech/0.5852726313039883', 'trasers.com/report/ceo-truenorth-guide-for-hi-tech/0.17227586529116', 'trasers.com/report/ceo-truenorth-guide-for-hi-tech/0.9795101004100204', 'trasers.com/report/ceo-truenorth-guide-for-hi-tech/0.45620172927506664', 'trasers.com/report/ceo-truenorth-guide-for-hi-tech/0.950896903653028', 'trasers.com/report/ceo-truenorth-guide-for-hi-tech/0.7992289397820448', 'trasers.com/report/ceo-truenorth-guide-for-hi-tech/0.5554204928236248', 'trasers.com/report/ceo-truenorth-guide-for-hi-tech/0.043223241883230235', 'trasers.com/report/ceo-truenorth-guide-for-hi-tech/0.7359884718131005', 'trasers.com/report/ceo-truenorth-guide-for-hi-tech/0.1952467330640698', 'trasers.com/report/ceo-truenorth-guide-for-hi-tech/0.1952467330640698', 'trasers.com/report/ceo-truenorth-guide-for-hi-tech/0.13160692373409255', 'trasers.com/report/ceo-truenorth-guide-for-hi-tech/0.7835923240453199', 'trasers.com/report/ceo-truenorth-guide-for-hi-tech/0.7835923240453199', 'trasers.com/report/ceo-truenorth-guide-for-hi-tech/0.19254167049425974', '/checkout']"
8,2325159814,5,103.5.135.0,"Bengaluru, India",Bangalore Broadband Network Pvt,"(' Google Chrome 76.0 \xa0  Windows 10 \xa0', '', '', '', '')",Main Register Step 1 (Sep 24 2019),"Tue Sep 24 2019, 3:11am","17m 23s, 14 actions", linkedin.com/feed/,/digital-transformation-research-for-sales-leaders,Main Register Step 1,"Mon Aug 5 2019, 12:13am (50d 2h)","15m 28s, 6 actions",,  /,"['Sep 24 2019', 'Sep 24 2019', 'Sep 24 2019', 'Sep 24 2019', 'Sep 24 2019', 'Sep 24 2019', 'Sep 24 2019', 'Sep 24 2019', 'Sep 24 2019', 'Sep 24 2019', 'Sep 24 2019', 'Sep 24 2019', 'Sep 24 2019', 'Sep 24 2019', 'Sep 24 2019']","['3:11:32 am', '3:12:11 am', '3:15:21 am', '3:15:37 am', '3:17:03 am', '3:17:29 am', '3:17:53 am', '3:17:58 am', '3:18:01 am', '3:18:09 am', '3:18:11 am', '3:18:11 am', '3:18:21 am', '3:18:55 am']","['/digital-transformation-research-for-sales-leaders', '/reg-thanks', '/user/reset/10693/1569319921/GC3TnTdwMrwq0tPUqfFe0Y1grd5kHxD_GhFMdtNEj3c?destination', '/digital-transformation-research-for-service-management-leaders', '/report/hr-compass-guide-for-hi-tech', '/report/fundamentals-of-digital-transformation', 'trasers.com/report/fundamentals-of-digital-transformation0.42054954110827003', 'trasers.com/report/fundamentals-of-digital-transformation0.2949722385614191', 'trasers.com/report/fundamentals-of-digital-transformation/0.7983423651645214', 'trasers.com/report/fundamentals-of-digital-transformation/0.8738951265887294', '/checkout', '/checkout', '/about-us', '/digital-transformation-research-for-r-and-d-leaders']"
9,4111213415,1,184.74.151.0,"Brooklyn, New York, USA",Spectrum Business / rr.com,"(' Google Chrome 76.0 \xa0  Mac OS X \xa0', '', '', '', '')",Main Register Step 1 (Sep 2 2019),"Mon Sep 2 2019, 6am","17m 12s, 12 actions", google.com [secure search],/info/digital-transformation-research-for-ceos-board-me…,Main Register Step 1,You are currently viewing this person's first visit.,,,"
","['Sep 2 2019', 'Sep 2 2019', 'Sep 2 2019', 'Sep 2 2019', 'Sep 2 2019', 'Sep 2 2019', 'Sep 2 2019', 'Sep 2 2019', 'Sep 2 2019', 'Sep 2 2019', 'Sep 2 2019', 'Sep 2 2019']","['6:00:09 am', '6:01:35 am', '6:01:57 am', '6:02:22 am', '6:03:07 am', '6:04:04 am', '6:04:46 am', '6:05:32 am', '6:05:42 am', '6:07:19 am', '6:07:23 am', '6:07:24 am']","['/info/digital-transformation-research-for-ceos-board-members-in-the-healthcare-industry', '/user?destination=reports', '/register', '/reg-thanks', '/user/reset/10510/1567429333/RpCNxeC2einmzZaWcCk3EDs0w9SgCOjEAq-W0rEzgio?destination', '/report/ceo-truenorth-guide-for-healthcare-providers', '/our-industries', '/digital-transformation-research-for-ceos-board-members', '/rethink-research', '/digital-transformation-research-for-ceos-board-members', '/user?destination=reports', '/info/digital-transformation-research-for-ceos-board-members-in-the-healthcare-industry']"
10,1024568242,2,105.168.75.0,Angola,Unitel Sa,"(' Safari 12.1 mobile \xa0  iPhone \xa0 375x667 \xa0', '', '', '', '')",Main Register Step 1 (Sep 20 2019),"Fri Sep 20 2019, 7:29pm","7m 9s, 5 actions", google.com [secure search],/,Main Register Step 1,You are currently viewing this person's first visit.,,,"
","['Sep 20 2019', 'Sep 20 2019', 'Sep 20 2019', 'Sep 20 2019', 'Sep 20 2019']","['7:29:15 pm', '7:30:13 pm', '7:30:59 pm', '7:34:07 pm', '7:34:28 pm']","['/', '/register', '/register', '/reg-thanks', '/digital-transformation-research-for-cios']"
11,3789116115,1,199.195.247.0,USA,Business Only Broadband /,"(' Unknown mobile \xa0  iPhone \xa0 375x812 \xa0', '', '', '', '')",Main Register Step 1 (Sep 22 2019),"Sun Sep 22 2019, 7:06pm","11m 21s, 4 actions", linkedin.com/,/Info/digital-transformation-research-for-r-and-d-leaders…,Main Register Step 1,You are currently viewing this person's first visit.,,,"
","['Sep 22 2019', 'Sep 22 2019', 'Sep 22 2019', 'Sep 22 2019']","['7:06:26 pm', '7:07:25 pm', '7:16:56 pm', '7:17:47 pm']","['/Info/digital-transformation-research-for-r-and-d-leaders-in-the-financial-services-industry?li_fat_id=7157305b-9c30-43…', '/reg-thanks', '/Info/digital-transformation-research-for-r-and-d-leaders-in-the-financial-services-industry?li_fat_id=7157305b-9c30-43…', '/Info/digital-transformation-research-for-r-and-d-leaders-in-the-financial-services-industry?li_fat_id=7157305b-9c30-43…']"
12,2963717471,1,192.234.111.0,"Piscataway, New Jersey, USA",Aventis Pharmaceuticals,"(' Microsoft Edge 17 \xa0  Windows 10 \xa0', '', '', '', '')",Main Register Step 1 (Sep 23 2019),"Mon Sep 23 2019, 2:50pm","12m 10s, 12 actions", linkedin.com/,/digital-transformation-research-for-cios,Main Register Step 1,You are currently viewing this person's first visit.,,,"
","['Sep 23 2019', 'Sep 23 2019', 'Sep 23 2019', 'Sep 23 2019', 'Sep 23 2019', 'Sep 23 2019', 'Sep 23 2019', 'Sep 23 2019', 'Sep 23 2019', 'Sep 23 2019', 'Sep 23 2019', 'Sep 23 2019']","['2:50:18 pm', '2:51:50 pm', '2:52:14 pm', '2:53:02 pm', '2:53:52 pm', '2:54:07 pm', '2:54:26 pm', '2:54:34 pm', '2:54:39 pm', '2:54:51 pm', '2:54:56 pm', '2:54:56 pm', '2:55:08 pm']","['/digital-transformation-research-for-cios', '/reg-thanks', '/user/reset/10689/1569275502/xusGd1BIo1ItfkTqT4piTUgnPZcdlrrtm6pFZ_Q8WyY?destination', '/report/compass-guide-for-healthcare-cloud-it', '/user', '/my-library', '/report/compass-guide-for-healthcare-cloud-it', 'trasers.com/report/compass-guide-for-healthcare-cloud-it0.3146130212649225', 'trasers.com/report/compass-guide-for-healthcare-cloud-it0.951604849486859', 'trasers.com/report/compass-guide-for-healthcare-cloud-it/0.050290115341057096', 'trasers.com/report/compass-guide-for-healthcare-cloud-it/0.7217343836231251', 'trasers.com/report/compass-guide-for-healthcare-cloud-it/0.5816087357537665']"
13,445490735,1,151.254.10.0,"Riyadh, Saudi Arabia",Saudinet,"(' Safari 12.1 mobile \xa0  iPhone \xa0 414x896 \xa0', '', '', '', '')",Main Register Step 1 (Sep 13 2019),"Fri Sep 13 2019, 12:43pm","6m 34s, 6 actions", google.com [secure search],/,Main Register Step 1,You are currently viewing this person's first visit.,,,"
","['Sep 13 2019', 'Sep 13 2019', 'Sep 13 2019', 'Sep 13 2019', 'Sep 13 2019', 'Sep 13 2019']","['12:43:11 pm', '12:43:53 pm', '12:44:41 pm', '12:45:09 pm', '12:45:35 pm', '12:45:45 pm']","['/', '/transformation-research-for-digital-leaders-in-the-life-insurance-industry', '/transformation-research-for-digital-leaders-in-the-life-insurance-industry', '/transformation-research-for-digital-leaders-in-the-life-insurance-industry', '/reg-thanks', '/reg-thanks']"
14,2320257317,1,194.170.64.0,The United Arab Emirates,Abu Dhabi National Oil Company,"(' Google Chrome 76.0 \xa0  Windows 10 \xa0', '', '', '', '')",Main Register Step 1 (Aug 31 2019),"Sat Aug 31 2019, 11:20am","1m 29s, 6 actions", google.com [secure search],/,Main Register Step 1,You are currently viewing this person's first visit.,,,"
","['Aug 31 2019', 'Aug 31 2019', 'Aug 31 2019', 'Aug 31 2019', 'Aug 31 2019', 'Aug 31 2019']","['11:20:14 am', '11:20:56 am', '11:20:59 am', '11:21:12 am', '11:21:43 am', '11:21:43 am']","['/', '/register', '/', '/register', '/reg-thanks', '/reg-thanks']"
15,1811723813,1,60.33.12.0,"Fujisawa, Japan",Ntt / ocn.ne.jp,"(' Google Chrome 76.0 \xa0  Mac OS X \xa0', '', '', '', '')",Main Register Step 1 (Sep 23 2019),"Mon Sep 23 2019, 1:46am","1m 29s, 6 actions", google.com [secure search],/info/digital-transformation-research-for-ceos-board-me…,Main Register Step 1,You are currently viewing this person's first visit.,,,"
","['Sep 23 2019', 'Sep 23 2019', 'Sep 23 2019', 'Sep 23 2019', 'Sep 23 2019', 'Sep 23 2019', 'Sep 23 2019', 'Sep 23 2019', 'Sep 23 2019', 'Sep 23 2019', 'Sep 23 2019', 'Sep 23 2019', 'Sep 23 2019', 'Sep 23 2019', 'Sep 23 2019', 'Sep 23 2019', 'Sep 23 2019', 'Sep 23 2019', 'Sep 23 2019', 'Sep 23 2019', 'Sep 23 2019', 'Sep 23 2019', 'Sep 23 2019', 'Sep 23 2019', 'Sep 23 2019', 'Sep 23 2019', 'Sep 23 2019', 'Sep 23 2019', 'Sep 23 2019']","['1:46:21 am', '1:50:59 am', '1:51:34 am', '1:52:40 am', '1:54:00 am', '1:54:29 am', '1:55:11 am', '1:55:40 am', '1:56:02 am', '1:56:59 am', '1:57:15 am', '1:57:28 am', '1:57:51 am', '1:58:01 am', '1:58:11 am', '1:58:11 am', '1:58:19 am', '1:58:19 am', '2:00:04 am', '2:00:12 am', '2:00:32 am', '2:01:08 am', '2:01:36 am', '2:02:30 am', '2:03:01 am', '2:03:12 am', '2:03:14 am', '2:03:19 am', '2:03:21 am']","['/info/digital-transformation-research-for-ceos-board-members-in-the-automotive-industry', '/reg-thanks', '/user/reset/10687/1569228650/Pby_NZMN9dmKtl9fgKRSqTbKHnKL2Ct1DRAyidAYZvw?destination', '/report/marketing-compass-guide-for-automotive', '/user', '/my-library', '/report/marketing-compass-guide-for-automotive', '/report/marketing-compass-guide-for-automotive', '/info/digital-transformation-research-for-ceos-board-members-in-the-automotive-industry', '/user', '/report/marketing-compass-guide-for-automotive', '/info/digital-transformation-research-for-ceos-board-members-in-the-automotive-industry', '/info/report/ceo-truenorth-guide-for-automotive', '/info/digital-transformation-research-for-ceos-board-members-in-the-automotive-industry', '/user', '/user', '/report/marketing-compass-guide-for-automotive', '/report/marketing-compass-guide-for-automotive', 'trasers.com/report/marketing-compass-guide-for-automotive0.37885526927495694', 'trasers.com/report/marketing-compass-guide-for-automotive0.022488476849466643', 'trasers.com/report/marketing-compass-guide-for-automotive/0.4804452238322152', 'trasers.com/report/marketing-compass-guide-for-automotive/0.9420449506433011', 'trasers.com/report/marketing-compass-guide-for-automotive/0.7020743718903124', 'trasers.com/report/marketing-compass-guide-for-automotive/0.19891349876858522', 'trasers.com/report/marketing-compass-guide-for-automotive/0.6132752275821745', 'trasers.com/report/marketing-compass-guide-for-automotive/0.016102440667872697', 'trasers.com/report/marketing-compass-guide-for-automotive/0.5731912230731169', 'trasers.com/report/marketing-compass-guide-for-automotive/0.8481287436252725', 'trasers.com/report/marketing-compass-guide-for-automotive/0.19972527953649322']"
16,2558758376,3,65.115.232.0,"outh Plainfield, New Jersey, USA",Centurylink / qwest.net,"(' Google Chrome 68.0 /  Windows 10 / 1280x720', '', '', '', '')",Let's Engage Lead Capture  (Aug 10 2018),"Fri Aug 10 2018, 1:12pm","1m 29s, 6 actions",  google.com  [secure search], /,Let's Engage Lead Capture,"Wed Aug 8 2018, 10:14am (2d 2h)",,   google.com  [secure search],    /analytics/business-intelligence-consulting  ,"['Aug 10 2018', 'Aug 10 2018', 'Aug 10 2018']","['1:12:06 pm', '1:12:11 pm', '1:13:13 pm']","['/', '/contact-us', '/thank-you']"
17,2515389026,1,199.76.88.0,USA,Level 3 Communications,"(' Google Chrome 76.0 \xa0  Windows 10 \xa0', '', '', '', '')",Main Register Step 1 (Aug 28 2019),"Wed Aug 28 2019, 1:22pm","27m 6s, 13 actions",  google.com  [secure search],/,Main Register Step 1,You are currently viewing this person's first visit.,,   google.com  [secure search],"
","['Aug 28 2019', 'Aug 28 2019', 'Aug 28 2019', 'Aug 28 2019', 'Aug 28 2019', 'Aug 28 2019', 'Aug 28 2019', 'Aug 28 2019', 'Aug 28 2019', 'Aug 28 2019', 'Aug 28 2019', 'Aug 28 2019', 'Aug 28 2019']","['1:22:46 pm', '1:23:11 pm', '1:24:24 pm', '1:25:11 pm', '1:25:18 pm', '1:25:45 pm', '1:25:57 pm', '1:26:14 pm', '1:27:11 pm', '1:38:48 pm', '1:38:59 pm', '1:38:59 pm', '1:39:43 pm', '1:39:51 pm']","['/', '/ab-initio-2019', '/our-industries', '/digital-transformation-research-for-ceos-board-members', '/digital-transformation-research-for-ceos-board-members-in-the-hi-tech-industry', '/reg-thanks', '/digital-transformation-research-for-ceos-board-members', '/user/reset/10496/1567023937/2KwWjvgN2GO6LIWW6BjDDnfG0G56rHBe1aguLZcbreE?destination', '/report/marketing-compass-guide-for-hi-tech', '/digital-transformation-research-for-marketing-leaders', '/reports', '/reports', '/about']"
18,1484579882,2,174.203.6.0,"New York, New York, USA",Verizon Wireless / myvzw.com,"(' Unknown mobile \xa0  iPhone \xa0 320x568 \xa0 Apple', '', '', '', '')",[],"Thu Sep 19 2019, 4:18am","27m 6s, 13 actions", linkedin.com/,/info/digital-transformation-research-for-ceos-board-me…,[],"Sun Aug 25 2019, 6:23am (24d 21h)",,,  /info/digital-transformation-research-for-ceos-board-me…,['Sep 19 2019'],['4:18:55 am'],"['linkedin.com/', '/info/digital-transformation-research-for-ceos-board-members-in-the-healthcare-industry?li_fat_id=70299b55-3649-47…']"
19,3844372748,1,123.231.108.0,Sri Lanka,Dialog Axiata Plc.,"(' Google Chrome 76.0 mobile \xa0  Android \xa0', '', '', '', '')",Main Register Step 1 (Sep 12 2019),"Thu Sep 12 2019, 5:19pm","41m 52s, 18 actions", google.com [secure search],/,Main Register Step 1,You are currently viewing this person's first visit.,,,"
","['Sep 12 2019', 'Sep 12 2019', 'Sep 12 2019', 'Sep 12 2019', 'Sep 12 2019', 'Sep 12 2019', 'Sep 12 2019', 'Sep 12 2019', 'Sep 12 2019', 'Sep 12 2019', 'Sep 12 2019', 'Sep 12 2019', 'Sep 12 2019', 'Sep 12 2019', 'Sep 12 2019', 'Sep 12 2019', 'Sep 12 2019', 'Sep 12 2019']","['5:19:30 pm', '5:20:32 pm', '5:21:44 pm', '5:22:00 pm', '5:22:04 pm', '5:22:53 pm', '5:25:16 pm', '5:26:58 pm', '5:27:36 pm', '5:28:03 pm', '5:28:10 pm', '5:28:28 pm', '5:28:37 pm', '5:36:22 pm', '5:36:26 pm', '5:36:38 pm', '5:46:30 pm', '5:46:40 pm']","['/', '/register', '/reg-thanks', '/about-you', '/reg-thanks', '/user/reset/10571/1568334092/FH0gAqGwd7RvKz3eCt8yIydYDGRCxQyuljVa4Q3l7fE?destination', '/report/marketing-compass-guide-for-consumer-products-and-retail', '/register', '/register', '/user?destination', '/register', '/', '/insights/the-cfo-led-digital-transformation-agenda', '/insights/the-cfo-led-digital-transformation-agenda', '/industries', '/insights/the-cfo-led-digital-transformation-agenda', '/', '/insights/business-and-it-alignment-how-smart-cios-lead-digital-transformations']"
20,3414648695,4,199.76.88.0,USA,Level 3 Communications,"(' Google Chrome 76.0 \xa0  Windows 10 \xa0', '', '', '', '')",Main Register Step 1 (Sep 6 2019),"Fri Sep 6 2019, 2:21pm","49m 15s, 25 actions", google.com [secure search],/,Main Register Step 1,"Tue Sep 3 2019, 4:49pm (2d 21h)","4m 30s, 12 actions",,  /,"['Sep 6 2019', 'Sep 6 2019', 'Sep 6 2019', 'Sep 6 2019', 'Sep 6 2019', 'Sep 6 2019', 'Sep 6 2019', 'Sep 6 2019', 'Sep 6 2019', 'Sep 6 2019', 'Sep 6 2019', 'Sep 6 2019', 'Sep 6 2019', 'Sep 6 2019', 'Sep 6 2019', 'Sep 6 2019', 'Sep 6 2019', 'Sep 6 2019', 'Sep 6 2019', 'Sep 6 2019', 'Sep 6 2019', 'Sep 6 2019', 'Sep 6 2019', 'Sep 6 2019', 'Sep 6 2019', 'Sep 6 2019']","['2:21:49 pm', '2:21:54 pm', '2:21:58 pm', '2:22:10 pm', '2:22:18 pm', '2:35:01 pm', '2:52:09 pm', '2:55:05 pm', '2:56:32 pm', '3:01:03 pm', '3:01:20 pm', '3:01:46 pm', '3:02:20 pm', '3:02:23 pm', '3:02:28 pm', '3:02:35 pm', '3:02:37 pm', '3:02:42 pm', '3:02:50 pm', '3:02:55 pm', '3:02:57 pm', '3:03:17 pm', '3:03:27 pm', '3:04:20 pm', '3:04:21 pm']","['/', '/our-industries', '/industries', '/our-industries', '/syndicated-reports', '/about-us', '/our-industries', '/syndicated-reports', '/digital-transformation-research-for-ceos-board-members-in-the-healthcare-industry', '/reg-thanks', '/user/reset/10535/1567807256/MVvg3MzNCm_BHMOdzMhpeFCxHyq0vAlwVyfjkR08jzg?destination', '/report/ceo-truenorth-guide-for-healthcare-providers', '/report/trasers-reports-for-leaders-laggards-in-marketing-for-healthcare', 'trasers.com/report/trasers-reports-for-leaders-laggards-in-marketing-for-healthcare0.9691638098743574', 'trasers.com/report/trasers-reports-for-leaders-laggards-in-marketing-for-healthcare0.13337460897575792', 'trasers.com/report/trasers-reports-for-leaders-laggards-in-marketing-for-healthcare/0.522964194096263', 'trasers.com/report/trasers-reports-for-leaders-laggards-in-marketing-for-healthcare/0.5106444704967004', 'trasers.com/report/trasers-reports-for-leaders-laggards-in-marketing-for-healthcare/0.10658807217542732', 'trasers.com/report/trasers-reports-for-leaders-laggards-in-marketing-for-healthcare/0.3921729011546584', 'trasers.com/report/trasers-reports-for-leaders-laggards-in-marketing-for-healthcare/0.3876761048022599', '/checkout', '/report/trasers-reports-for-leaders-laggards-in-marketing-for-healthcare', '/report/leaders-and-laggards-for-healthcare-analytics-it', '/report/trasers-reports-for-leaders-laggards-in-marketing-for-healthcare', '/report/ceo-truenorth-guide-for-healthcare-providers']"
21,2558758376,3,65.115.232.0,"outh Plainfield, New Jersey, USA",Centurylink / qwest.net,"(' Google Chrome 68.0 /  Windows 10 / 1280x720', '', '', '', '')",Let's Engage Lead Capture  (Aug 10 2018),"Fri Aug 10 2018, 1:12pm","49m 15s, 25 actions",  google.com  [secure search], /,Let's Engage Lead Capture,"Wed Aug 8 2018, 10:14am (2d 2h)","4m 30s, 12 actions",   google.com  [secure search],    /analytics/business-intelligence-consulting  ,"['Aug 10 2018', 'Aug 10 2018', 'Aug 10 2018']","['1:12:06 pm', '1:12:11 pm', '1:13:13 pm']","['/', '/contact-us', '/thank-you']"
22,3952396975,2,188.154.133.0,"Geneva, Switzerland",Sunrise - Tdc Communications Ag /,"(' Google Chrome 75.0 \xa0  Windows 10 \xa0', '', '', '', '')",Main Register Step 1 (Sep 3 2019),"Tue Sep 3 2019, 8:38pm","6m 44s, 5 actions", google.com [secure search],/register,Main Register Step 1,"Tue Sep 3 2019, 8:14pm (23m 34s)","7m 57s, 1 action",,  /,"['Sep 3 2019', 'Sep 3 2019', 'Sep 3 2019', 'Sep 3 2019', 'Sep 3 2019']","['8:38:16 pm', '8:39:11 pm', '8:43:50 pm', '8:44:33 pm', '8:45:00 pm']","['/register', '/reg-thanks', '/transformation-research-for-digital', '/transformation-research-for-digital', '/transformation-research-for-digital']"
23,625139702,1,45.26.125.0,"Cumming, Georgia, USA",At&t Internet Services,"(' Safari 10.1 \xa0  Mac OS X \xa0 1280x800 \xa0', '', '', '', '')",Main Register Step 1 (Sep 9 2019),"Mon Sep 9 2019, 12:16pm","6m 44s, 5 actions", google.com [secure search],/info/digital-transformation-research-for-ceos-board-me…,Main Register Step 1,You are currently viewing this person's first visit.,"7m 57s, 1 action",,"
","['Sep 9 2019', 'Sep 9 2019', 'Sep 9 2019']","['12:16:30 pm', '12:17:01 pm', '12:17:29 pm']","['/info/digital-transformation-research-for-ceos-board-members-in-the-healthcare-industry', '/info/digital-transformation-research-for-ceos-board-members-in-the-healthcare-industry', '/reg-thanks']"
24,947440372,1,142.54.206.0,[],Digicel Jamaica,"(' Google Chrome 77.0 \xa0  Windows 10 \xa0', '', '', '', '')",[],"Tue Sep 24 2019, 7:59pm","12m 3s, 7 actions", google.com [secure search],/,[],You are currently viewing this person's first visit.,,,"
","['Sep 24 2019', 'Sep 24 2019', 'Sep 24 2019', 'Sep 24 2019', 'Sep 24 2019', 'Sep 24 2019', 'Sep 24 2019']","['7:59:11 pm', '7:59:43 pm', '8:00:06 pm', '8:00:34 pm', '8:00:44 pm', '8:01:05 pm', '8:01:13 pm']","['/', '/register', '/register', '/', '/register', '/register', '/about-you']"
25,1702173539,1,87.200.8.0,"Dubai, The United Arab Emirates",Emirates Integrated Telecommunications,"(' Internet Explorer 10.0 \xa0  Windows 7 \xa0', '', '', '', '')",[],"Sat Aug 24 2019, 9:36pm","1m 21s, 2 actions", notify.bluecoat.com/notify-NotifyUser5,/user/reset/10489/1566676483/M56T76-NmHE1lUerX8z…,[],You are currently viewing this person's first visit.,,,"
","['Aug 24 2019', 'Aug 24 2019']","['9:36:14 pm', '9:37:35 pm']","['/user/reset/10489/1566676483/M56T76-NmHE1lUerX8zQlYbKLswEn29hpk1-uzStq0s?destination', '/']"
26,1553879305,4,199.76.88.0,USA,Level 3 Communications,"(' Google Chrome 76.0 \xa0  Windows 10 \xa0', '', '', '', '')",Main Register Step 1 (Sep 10 2019),"Tue Sep 10 2019, 10:28am","3m 24s, 29 actions", google.com [secure search],/,Main Register Step 1,"Wed Sep 4 2019, 4:03pm (5d 18h)","19m 56s, 8 actions",,  /,"['Sep 10 2019', 'Sep 10 2019', 'Sep 10 2019', 'Sep 10 2019', 'Sep 10 2019', 'Sep 10 2019', 'Sep 10 2019', 'Sep 10 2019', 'Sep 10 2019', 'Sep 10 2019', 'Sep 10 2019', 'Sep 10 2019', 'Sep 10 2019', 'Sep 10 2019', 'Sep 10 2019', 'Sep 10 2019', 'Sep 10 2019', 'Sep 10 2019', 'Sep 10 2019', 'Sep 10 2019', 'Sep 10 2019', 'Sep 10 2019', 'Sep 10 2019', 'Sep 10 2019', 'Sep 10 2019', 'Sep 10 2019', 'Sep 10 2019', 'Sep 10 2019', 'Sep 10 2019']","['10:28:14 am', '10:28:34 am', '10:28:44 am', '10:29:10 am', '10:29:26 am', '10:29:44 am', '10:30:31 am', '10:30:35 am', '10:30:38 am', '10:30:40 am', '10:30:42 am', '10:30:48 am', '10:30:49 am', '10:30:54 am', '10:30:56 am', '10:30:58 am', '10:31:05 am', '10:31:08 am', '10:31:10 am', '10:31:12 am', '10:31:13 am', '10:31:15 am', '10:31:15 am', '10:31:19 am', '10:31:20 am', '10:31:21 am', '10:31:22 am', '10:31:33 am', '10:31:38 am']","['/', '/register', '/syndicated-reports', '/digital-transformation-research-for-marketing-leaders-in-the-hi-tech-industry', '/reg-thanks', '/user/reset/10556/1568136558/QHg99If_6-qXqxE9kuGxsS2UDxnMA4E5uwZipVm1VLY?destination', '/report/marketing-compass-guide-for-hi-tech', 'trasers.com/report/marketing-compass-guide-for-hi-tech0.9729193597494301', 'trasers.com/report/marketing-compass-guide-for-hi-tech0.17756834996273163', 'trasers.com/report/marketing-compass-guide-for-hi-tech/0.0832859451193746', 'trasers.com/report/marketing-compass-guide-for-hi-tech/0.059091617978675126', 'trasers.com/report/marketing-compass-guide-for-hi-tech/0.23415591888681497', 'trasers.com/report/marketing-compass-guide-for-hi-tech/0.8506753363843957', 'trasers.com/report/marketing-compass-guide-for-hi-tech/0.5233214364029788', 'trasers.com/report/marketing-compass-guide-for-hi-tech/0.9574015479125604', 'trasers.com/report/marketing-compass-guide-for-hi-tech/0.9869114142535174', 'trasers.com/report/marketing-compass-guide-for-hi-tech/0.9720438643299256', 'trasers.com/report/marketing-compass-guide-for-hi-tech/0.268777989585808', 'trasers.com/report/marketing-compass-guide-for-hi-tech/0.8713601829385791', 'trasers.com/report/marketing-compass-guide-for-hi-tech/0.5618884366154528', 'trasers.com/report/marketing-compass-guide-for-hi-tech/0.24000150696320532', 'trasers.com/report/marketing-compass-guide-for-hi-tech/0.5898882026757482', 'trasers.com/report/marketing-compass-guide-for-hi-tech/0.10843177748627775', 'trasers.com/report/marketing-compass-guide-for-hi-tech/0.20944311603650512', 'trasers.com/report/marketing-compass-guide-for-hi-tech/0.26903118306163787', 'trasers.com/report/marketing-compass-guide-for-hi-tech/0.770226078189028', 'trasers.com/report/marketing-compass-guide-for-hi-tech/0.6087587508950378', 'trasers.com/report/marketing-compass-guide-for-hi-tech/0.43008986788013615', 'trasers.com/report/marketing-compass-guide-for-hi-tech/0.12105598129027251']"
27,4144567453,2,172.58.224.0,"Brooklyn, New York, USA",T-mobile Usa,"(' Google Chrome 76.0 mobile \xa0  Android \xa0', '', '', '', '')",Main Register Step 1 (Sep 8 2019),"Sun Sep 8 2019, 9:25am","12m 30s, 4 actions", lnkd.in/,/digital-transformation-research-for-ceos-board-members,Main Register Step 1,"Sun Sep 8 2019, 7:30am (1h 56m)","13m, 3 actions",,  /info/digital-transformation-research-for-ceos-board-me…,"['Sep 8 2019', 'Sep 8 2019', 'Sep 8 2019', 'Sep 8 2019']","['9:25:56 am', '9:26:27 am', '9:29:51 am', '9:30:17 am']","['lnkd.in/', '/digital-transformation-research-for-ceos-board-members', '/privacy-policy', '/digital-transformation-research-for-ceos-board-members', '/reg-thanks']"
28,982159300,2,173.167.136.0,"Chicago, Illinois, USA",Comcast Business / comcastbusiness.net,"(' Safari 12.1 \xa0  Mac OS X \xa0 1280x800 \xa0', '', '', '', '')",[],"Fri Sep 13 2019, 12:18pm","8m 17s, 1 action", lnkd.in/,/,[],"Fri Sep 13 2019, 8:03am (4h 15m)","23m 28s, 2 actions",,  /info/digital-transformation-research-for-ceos-board-me…,['Sep 13 2019'],['12:18:00 pm'],['/']
29,2377542555,1,24.130.244.0,"Monterey, California, USA",Comcast Cable / comcast.net,"(' Safari 12.1 mobile \xa0  iPhone \xa0 414x736 \xa0', '', '', '', '')",Main Register Step 1 (Aug 31 2019),"Sat Aug 31 2019, 5:40pm","4m 19s, 11 actions", google.com [secure search],/,Main Register Step 1,You are currently viewing this person's first visit.,,,"
","['Aug 31 2019', 'Aug 31 2019', 'Aug 31 2019', 'Aug 31 2019', 'Aug 31 2019', 'Aug 31 2019', 'Aug 31 2019', 'Aug 31 2019', 'Aug 31 2019', 'Aug 31 2019', 'Aug 31 2019']","['5:40:55 pm', '5:42:34 pm', '5:43:00 pm', '5:43:17 pm', '5:43:47 pm', '5:44:40 pm', '5:44:46 pm', '5:44:48 pm', '5:44:51 pm', '5:44:56 pm', '5:45:14 pm']","['/', '/register', '/register', '/register', '/reg-thanks', '/register', '/register', '/register', '/', '/register', '/']"
30,4261011725,1,106.51.26.0,"Bengaluru, India",Atria Convergence Technologies Pvt. Ltd.,"(' Google Chrome 76.0 mobile \xa0  Android \xa0', '', '', '', '')",Main Register Step 1 (Aug 26 2019),"Mon Aug 26 2019, 12:08pm","3m 26s, 4 actions", google.com [secure search],/,Main Register Step 1,You are currently viewing this person's first visit.,,,"
","['Aug 26 2019', 'Aug 26 2019', 'Aug 26 2019', 'Aug 26 2019']","['12:08:54 pm', '12:09:09 pm', '12:09:41 pm', '12:10:20 pm']","['/ actcorp.in', '/', '/register', '/register', '/reg-thanks']"
31,4166675645,1,62.102.148.0,"Akersberga, Sweden",Kustbandet Ab,"(' Google Chrome 76.0 mobile \xa0  Android \xa0', '', '', '', '')",Main Register Step 1 (Aug 30 2019),"Fri Aug 30 2019, 3:10pm","6m 38s, 6 actions", google.com [secure search],/,Main Register Step 1,You are currently viewing this person's first visit.,,,"
","['Aug 30 2019', 'Aug 30 2019', 'Aug 30 2019', 'Aug 30 2019', 'Aug 30 2019', 'Aug 30 2019']","['3:10:53 pm', '3:11:09 pm', '3:11:27 pm', '3:11:50 pm', '3:12:32 pm', '3:13:35 pm']","['/', '/register', '/register', '/reg-thanks', '/user/reset/10505/1567203099/kNWmy9HBQU7jtH2mYJ8RezsnbrWJmUjwF6vyLCR_1oY?destination', '/report/service-management-compass-guide-for-banking']"
32,3552935535,1,83.32.192.0,"Madrid, Spain",Telefonica De Espana / rima-tde.net,"(' Safari 12.1 mobile \xa0  iPhone \xa0 375x667 \xa0', '', '', '', '')",Main Register Step 1 (Sep 25 2019),"Wed Sep 25 2019, 1:46pm","6m 4s, 3 actions", google.es [secure search],/,Main Register Step 1,You are currently viewing this person's first visit.,,,"
","['Sep 25 2019', 'Sep 25 2019', 'Sep 25 2019']","['1:46:41 pm', '1:47:41 pm', '1:48:45 pm']","['/', '/register', '/reg-thanks']"
33,2304685506,1,60.251.109.0,"Taipei, Taiwan",Hinet / hinet.net,"(' Safari 12.1 \xa0  Mac OS X \xa0 1440x900 \xa0', '', '', '', '')",Main Register Step 1 (Sep 24 2019),"Tue Sep 24 2019, 8:20pm","6m 39s, 5 actions", google.com [secure search],/,Main Register Step 1,You are currently viewing this person's first visit.,,,"
","['Sep 24 2019', 'Sep 24 2019', 'Sep 24 2019', 'Sep 24 2019', 'Sep 24 2019']","['8:20:19 pm', '8:21:01 pm', '8:24:21 pm', '8:25:08 pm', '8:25:58 pm']","['/', '/digital-benchmarking', '/insights/leading-digital-transformation-with-data-driven-insights-thoughts-for-ceos', '/register', '/reg-thanks']"
34,444147485,1,75.74.40.0,"Boca Raton, Florida, USA",Comcast Cable / comcast.net,"(' Unknown mobile \xa0  iPhone \xa0 414x736 \xa0 Apple', '', '', '', '')",[],"Wed Sep 11 2019, 5:10pm","3m 1s, 3 actions", linkedin.com/,/info/digital-transformation-research-for-finance-accoun…,[],You are currently viewing this person's first visit.,,,"
","['Sep 11 2019', 'Sep 11 2019', 'Sep 11 2019']","['5:10:44 pm', '5:13:36 pm', '5:13:45 pm']","['/info/digital-transformation-research-for-finance-accounting-leaders-in-the-healthcare-industry?li_fat_id=f991ed3b-053…', '/info/digital-transformation-research-for-finance-accounting-leaders-in-the-healthcare-industry?li_fat_id=f991ed3b-053…', '/user']"
35,3805514027,1,122.161.163.0,"Delhi, India",Airtel Broadband / airtelbroadband.in,"(' Google Chrome 76.0 mobile \xa0  Android \xa0', '', '', '', '')",Main Register Step 1 (Aug 24 2019),"Sat Aug 24 2019, 5:02am","4m 33s, 9 actions", linkedin.com/,/,Main Register Step 1,You are currently viewing this person's first visit.,,,"
","['Aug 24 2019', 'Aug 24 2019', 'Aug 24 2019', 'Aug 24 2019', 'Aug 24 2019', 'Aug 24 2019', 'Aug 24 2019', 'Aug 24 2019', 'Aug 24 2019']","['5:02:39 am', '5:03:00 am', '5:03:07 am', '5:04:20 am', '5:04:25 am', '5:05:27 am', '5:05:53 am', '5:06:44 am', '5:07:12 am']","['/', '/', '/', '/', '/register', '/reg-thanks', '/user/reset/10488/1566648316/7timeH5t_3ee4GCg-2t5pYCT52CwAwnlIDUI5avolAQ?destination', '/user/reset/10488/1566648316/7timeH5t_3ee4GCg-2t5pYCT52CwAwnlIDUI5avolAQ?destination', '/report/marketing-compass-guide-for-hi-tech']"
36,1386923266,1,104.188.190.0,"Orlando, Florida, USA",At&t U-verse / sbcglobal.net,"(' Google Chrome 76.0 mobile \xa0  Android \xa0', '', '', '', '')",[],"Sat Aug 31 2019, 6:02am","14m 47s, 10 actions", lnkd.in/,/info/digital-transformation-research-for-ceos-board-me…,[],You are currently viewing this person's first visit.,,,"
","['Aug 31 2019', 'Aug 31 2019', 'Aug 31 2019', 'Aug 31 2019', 'Aug 31 2019', 'Aug 31 2019', 'Aug 31 2019', 'Aug 31 2019', 'Aug 31 2019', 'Aug 31 2019']","['6:02:43 am', '6:03:15 am', '6:03:42 am', '6:03:49 am', '6:04:29 am', '6:05:03 am', '6:05:16 am', '6:06:52 am', '6:15:29 am', '6:15:29 am']","['/info/digital-transformation-research-for-ceos-board-members-in-the-financial-services-industry?li_fat_id=80e17bda-8…', '/user?destination=reports', '/user?destination=reports', '/register', '/register', '/register', '/register', '/info/digital-transformation-research-for-ceos-board-members-in-the-financial-services-industry?li_fat_id=80e17bda-8…', '/info/digital-transformation-research-for-ceos-board-members-in-the-financial-services-industry?li_fat_id=80e17bda-8…', '/info/digital-transformation-research-for-ceos-board-members-in-the-financial-services-industry?li_fat_id=80e17bda-8…']"
37,3410722595,1,76.113.85.0,"Albuquerque, New Mexico, USA",Comcast Cable / comcast.net,"(' Unknown mobile \xa0  iPhone \xa0 375x812 \xa0', '', '', '', '')",Main Register Step 1 (Sep 23 2019),"Mon Sep 23 2019, 7:52pm","14m 47s, 10 actions", linkedin.com/,/info/digital-transformation-research-for-ceos-board-me…,Main Register Step 1,You are currently viewing this person's first visit.,,,"
","['Sep 23 2019', 'Sep 23 2019']","['7:52:49 pm', '7:53:44 pm']","['/info/digital-transformation-research-for-ceos-board-members-in-the-healthcare-industry?li_fat_id=f4d32ed4-e3aa-44c…', '/reg-thanks']"
38,3972113169,1,121.123.16.0,Malaysia,Maxis Communications,"(' Google Chrome 76.0 \xa0  Windows 10 \xa0', '', '', '', '')",Main Register Step 1 (Sep 4 2019),"Wed Sep 4 2019, 10:47pm","4m 21s, 8 actions", linkedin.com/,/register,Main Register Step 1,"Wed Sep 4 2019, 10:16pm (31m 29s)","10m 58s, 3 actions",,  /register,"['Sep 4 2019', 'Sep 4 2019', 'Sep 4 2019', 'Sep 4 2019', 'Sep 4 2019', 'Sep 4 2019', 'Sep 4 2019', 'Sep 4 2019']","['10:47:57 pm', '10:48:00 pm', '10:48:24 pm', '10:49:26 pm', '10:49:47 pm', '10:50:39 pm', '10:50:55 pm', '10:52:18 pm']","['/register', '/', '/register', '/user?destination', '/report/compass-guide-for-energy-digital-it', '/user', '/our-industries', '/user']"
39,3206799888,1,202.185.131.0,Malaysia,Tt Dotcom Sdn Bhd,"(' Safari 12.1 \xa0  Mac OS X \xa0 1440x900 \xa0', '', '', '', '')",[],"Wed Sep 4 2019, 8:27pm","9m 13s, 26 actions", google.com [secure search],/,[],You are currently viewing this person's first visit.,,,"
","['Sep 4 2019', 'Sep 4 2019', 'Sep 4 2019', 'Sep 4 2019', 'Sep 4 2019', 'Sep 4 2019', 'Sep 4 2019', 'Sep 4 2019', 'Sep 4 2019', 'Sep 4 2019', 'Sep 4 2019', 'Sep 4 2019', 'Sep 4 2019', 'Sep 4 2019', 'Sep 4 2019', 'Sep 4 2019', 'Sep 4 2019', 'Sep 4 2019', 'Sep 4 2019', 'Sep 4 2019', 'Sep 4 2019', 'Sep 4 2019', 'Sep 4 2019', 'Sep 4 2019', 'Sep 4 2019', 'Sep 4 2019']","['8:27:48 pm', '8:28:03 pm', '8:28:36 pm', '8:28:36 pm', '8:28:46 pm', '8:29:20 pm', '8:29:51 pm', '8:30:14 pm', '8:31:50 pm', '8:32:12 pm', '8:32:41 pm', '8:33:34 pm', '8:33:37 pm', '8:34:02 pm', '8:34:31 pm', '8:34:38 pm', '8:34:47 pm', '8:35:12 pm', '8:35:34 pm', '8:35:45 pm', '8:36:01 pm', '8:36:14 pm', '8:36:19 pm', '8:36:43 pm', '8:36:50 pm', '8:37:01 pm']","['/', '/our-industries', '/register?destination=reports', '/register?destination=reports', '/digital-transformation-research-for-marketing-leaders', '/register', '/register', '/user/reset/10515/1567654181/VcbbNLLmlWPJmWXcpEZL55txvYiLtkuYtEU_efXnQSg?destination', '/report/marketing-compass-guide-for-consumer-products-and-retail', '/our-industries', '/transformation-research-for-digital', '/our-industries', '/rethink-research', '/rethink-research', '/register?destination=reports', '/register?destination=reports', '/user?destination=reports', '/reports', '/reports?combine=342&field_industry_tid=359', '/report/fundamentals-of-digital-transformation', '/', '/register', '/user?destination', '/report/marketing-compass-guide-for-consumer-products-and-retail', '/user', '/']"
40,1585779782,1,172.58.229.0,"Brooklyn, New York, USA",T-mobile Usa,"(' Unknown mobile \xa0  iPhone \xa0 375x812 \xa0', '', '', '', '')",Main Register Step 1 (Sep 21 2019),"Sat Sep 21 2019, 12:10pm","1m 4s, 2 actions", linkedin.com/,/info/digital-transformation-research-for-ceos-board-me…,Main Register Step 1,You are currently viewing this person's first visit.,,,"
","['Sep 21 2019', 'Sep 21 2019']","['12:10:26 pm', '12:11:30 pm']","['/info/digital-transformation-research-for-ceos-board-members-in-the-healthcare-industry?li_fat_id=de710970-d27b-49…', '/reg-thanks']"
41,2931385836,1,74.131.86.0,"Jeffersonville, Indiana, USA",Spectrum / rr.com,"(' Google Chrome 76.0 \xa0  Windows 10 \xa0', '', '', '', '')",Main Register Step 1 (Aug 23 2019),"Fri Aug 23 2019, 5:22am","11m 47s, 2 actions", google.com [secure search],/info/digital-transformation-research-for-ceos-board-me…,Main Register Step 1,You are currently viewing this person's first visit.,,,"
","['Aug 23 2019', 'Aug 23 2019']","['5:22:26 am', '5:30:12 am']","['/info/digital-transformation-research-for-ceos-board-members-in-the-healthcare-industry', '/reg-thanks']"
42,2749500497,5,67.188.228.0,"Redwood City, California, USA",Comcast Cable / comcast.net,"(' Google Chrome 75.0 \xa0  Mac OS X \xa0', '', '', '', '')",Main Register Step 1 (Aug 22 2019),"Wed Aug 14 2019, 9:14am","10m 20s, 3 actions", google.com [secure search],/blog/technology,[],You are currently viewing this person's first visit.,,,"
","['Aug 14 2019', 'Aug 14 2019', 'Aug 14 2019']","['9:14:12 am', '9:14:20 am', '9:14:32 am']","['/blog/technology', '/insights', '/insights/be-proactive-or-perish-the-transformation-tsunami-will-be-merciless-on-laggards']"
43,307477874,1,174.202.18.0,"Brooklyn, New York, USA",Verizon Wireless / myvzw.com,"(' Unknown mobile \xa0  iPhone \xa0 375x667 \xa0', '', '', '', '')",Main Register Step 1 (Aug 27 2019),"Tue Aug 27 2019, 9:25am","1m 18s, 3 actions", linkedin.com/,/info/digital-transformation-research-for-ceos-board-me…,Main Register Step 1,You are currently viewing this person's first visit.,,,"
","['Aug 27 2019', 'Aug 27 2019', 'Aug 27 2019']","['9:25:50 am', '9:26:56 am', '9:27:08 am']","['/info/digital-transformation-research-for-ceos-board-members-in-the-healthcare-industry?li_fat_id=e821374f-6471-4ce…', '/reg-thanks', '/info/digital-transformation-research-for-ceos-board-members-in-the-healthcare-industry?li_fat_id=e821374f-6471-4ce…']"
44,4007442294,1,73.47.24.0,"Sandwich, Massachusetts, USA",Comcast Cable / comcast.net,"(' Unknown mobile \xa0  iPhone \xa0 414x736 \xa0 Apple', '', '', '', '')",[],"Sat Aug 31 2019, 5:22am","1m 43s, 2 actions", linkedin.com/,/info/digital-transformation-research-for-r-and-d-leaders…,[],You are currently viewing this person's first visit.,,,"
","['Aug 31 2019', 'Aug 31 2019']","['5:22:06 am', '5:23:49 am']","['/info/digital-transformation-research-for-r-and-d-leaders-in-the-healthcare-industry?li_fat_id=59eb28ea-1da1-4dd5-92…', '/info/digital-transformation-research-for-r-and-d-leaders-in-the-healthcare-industry?li_fat_id=59eb28ea-1da1-4dd5-92…']"
45,3446066586,1,41.13.66.0,"Pretoria, South Africa",Vodacom / vodacom.co.za,"(' Internet Explorer 11.0 \xa0  Windows 10 \xa0', '', '', '', '')",[],"Wed Sep 18 2019, 3:06pm","7m 50s, 10 actions", google.co.za [secure search],/,[],You are currently viewing this person's first visit.,,,"
","['Sep 18 2019', 'Sep 18 2019', 'Sep 18 2019', 'Sep 18 2019', 'Sep 18 2019', 'Sep 18 2019', 'Sep 18 2019', 'Sep 18 2019', 'Sep 18 2019', 'Sep 18 2019']","['3:06:46 pm', '3:07:10 pm', '3:07:59 pm', '3:08:40 pm', '3:08:59 pm', '3:09:20 pm', '3:09:29 pm', '3:09:31 pm', '3:09:35 pm', '3:13:36 pm']","['/', '/register', '/register', '/user', '/user/password', '/user', '/user/password', '/user', '/register', '/']"
46,3827902907,1,76.224.17.0,"Frankfort, Illinois, USA",At&t Internet Services,"(' Google Chrome 76.0 \xa0  Mac OS X \xa0 1280x800', '', '', '', '')",[],"Thu Sep 12 2019, 11:58am","6m 39s, 1 action", google.com [secure search],/,[],You are currently viewing this person's first visit.,,,"
",['Sep 12 2019'],['11:58:52 am'],['/']
47,1266488079,1,201.162.241.0,Mexico,Telefónica Movistar / optele.net,"(' Google Chrome 76.0 mobile \xa0  Android \xa0', '', '', '', '')",Main Register Step 1 (Aug 29 2019),"Thu Aug 29 2019, 5:42am","7m 53s, 3 actions", google.com [secure search],/,Main Register Step 1,You are currently viewing this person's first visit.,,,"
","['Aug 29 2019', 'Aug 29 2019', 'Aug 29 2019']","['5:42:58 am', '5:43:35 am', '5:43:58 am']","['/', '/register', '/reg-thanks']"
